JobIDRaw,JobName,State,ExitCode,ElapsedRaw,Start,End,AllocTRES,ReqTRES,NodeList,allocated_gpus
2110367,protease-gpu,COMPLETED,0:0,1,2026-10-03T00:24:00,2026-10-03T00:24:01,"billing=8,cpu=8,gres/gpu=1,mem=96G,node=1","billing=8,cpu=8,gres/gpu=1,mem=96G,node=1",ggpu1-18,1
2110560,protease-gpu,COMPLETED,0:0,103,2026-10-03T01:04:41,2026-10-03T01:06:24,"billing=8,cpu=8,gres/gpu:nvidia_l40s=1,gres/gpu=1,mem=64G,node=1","billing=4,cpu=4,gres/gpu=1,mem=64G,node=1",ggpu1-12,1
2110561,protease-gpu,COMPLETED,0:0,80,2026-10-03T01:06:25,2026-10-03T01:07:45,"billing=8,cpu=8,gres/gpu:nvidia_l40s=1,gres/gpu=1,mem=64G,node=1","billing=4,cpu=4,gres/gpu=1,mem=64G,node=1",ggpu1-12,1
2110562,protease-cpu,COMPLETED,0:0,4,2026-10-03T00:39:35,2026-10-03T00:39:39,"billing=4,cpu=4,mem=16G,node=1","billing=4,cpu=4,mem=16G,node=1",gcpu2-32,0
2110563,protease-cpu,COMPLETED,0:0,3,2026-10-03T00:39:35,2026-10-03T00:39:38,"billing=4,cpu=4,mem=16G,node=1","billing=4,cpu=4,mem=16G,node=1",gcpu2-32,0
2110770,protease-cpu,COMPLETED,0:0,2,2026-10-03T01:04:15,2026-10-03T01:04:17,"billing=4,cpu=4,mem=16G,node=1","billing=4,cpu=4,mem=16G,node=1",gcpu2-32,0
2110771,protease-cpu,COMPLETED,0:0,6,2026-10-03T01:04:15,2026-10-03T01:04:21,"billing=4,cpu=4,mem=16G,node=1","billing=4,cpu=4,mem=16G,node=1",gcpu2-32,0
2110800,protease-cpu,COMPLETED,0:0,2,2026-10-03T01:07:19,2026-10-03T01:07:21,"billing=4,cpu=4,mem=16G,node=1","billing=4,cpu=4,mem=16G,node=1",gcpu2-07,0
2110812,protease-cpu,COMPLETED,0:0,2,2026-10-03T01:09:23,2026-10-03T01:09:25,"billing=4,cpu=4,mem=16G,node=1","billing=4,cpu=4,mem=16G,node=1",gcpu2-07,0
2110847,protease-gpu,COMPLETED,0:0,841,2026-10-03T01:14:45,2026-10-03T01:28:46,"billing=4,cpu=4,gres/gpu:nvidia_l40s=1,gres/gpu=1,mem=64G,node=1","billing=4,cpu=4,gres/gpu=1,mem=64G,node=1",ggpu1-10,1
2110848,protease-gpu,COMPLETED,0:0,407,2026-10-03T01:32:03,2026-10-03T01:38:50,"billing=4,cpu=4,gres/gpu=1,mem=64G,node=1","billing=4,cpu=4,gres/gpu=1,mem=64G,node=1",ggpu1-14,1
2111023,protease-gpu,CANCELLED by 1631908276,0:0,1077,2026-10-03T01:39:04,2026-10-03T01:57:01,"billing=4,cpu=4,gres/gpu=1,mem=64G,node=1","billing=4,cpu=4,gres/gpu=1,mem=64G,node=1",ggpu1-14,1
2111024,protease-cpu,CANCELLED by 1631908276,0:0,3306,2026-10-03T01:31:41,2026-10-03T02:26:47,"billing=4,cpu=4,mem=16G,node=1","billing=4,cpu=4,mem=16G,node=1",gcpu2-08,0
2111025,protease-cpu,CANCELLED by 1631908276,0:0,3306,2026-10-03T01:31:41,2026-10-03T02:26:47,"billing=4,cpu=4,mem=16G,node=1","billing=4,cpu=4,mem=16G,node=1",gcpu2-08,0
2111026,protease-cpu,COMPLETED,0:0,8,2026-10-03T01:31:41,2026-10-03T01:31:49,"billing=4,cpu=4,mem=16G,node=1","billing=4,cpu=4,mem=16G,node=1",gcpu2-08,0
2111226,protease-cpu,COMPLETED,0:0,12,2026-10-03T01:53:04,2026-10-03T01:53:16,"billing=4,cpu=4,mem=16G,node=1","billing=4,cpu=4,mem=16G,node=1",gcpu2-18,0
2111227,protease-cpu,COMPLETED,0:0,14,2026-10-03T01:53:05,2026-10-03T01:53:19,"billing=4,cpu=4,mem=16G,node=1","billing=4,cpu=4,mem=16G,node=1",gcpu2-10,0
2111325,protease-gpu,FAILED,1:0,54,2026-10-03T02:29:09,2026-10-03T02:30:03,"billing=4,cpu=4,gres/gpu=1,mem=64G,node=1","billing=4,cpu=4,gres/gpu=1,mem=64G,node=1",ggpu1-16,1
2111366,protease-gpu,COMPLETED,0:0,329,2026-10-03T02:30:10,2026-10-03T02:35:39,"billing=4,cpu=4,gres/gpu=1,mem=64G,node=1","billing=4,cpu=4,gres/gpu=1,mem=64G,node=1",ggpu1-16,1
2111431,protease-cpu,COMPLETED,0:0,11,2026-10-03T02:14:47,2026-10-03T02:14:58,"billing=4,cpu=4,mem=16G,node=1","billing=4,cpu=4,mem=16G,node=1",gcpu2-32,0
2111452,protease-cpu,COMPLETED,0:0,7,2026-10-03T02:17:18,2026-10-03T02:17:25,"billing=4,cpu=4,mem=16G,node=1","billing=4,cpu=4,mem=16G,node=1",gcpu2-20,0
2111453,protease-cpu,COMPLETED,0:0,10,2026-10-03T02:35:40,2026-10-03T02:35:50,"billing=4,cpu=4,mem=16G,node=1","billing=4,cpu=4,mem=16G,node=1",gcpu2-32,0
2111464,protease-cpu,CANCELLED by 1631908276,0:0,523,2026-10-03T02:18:04,2026-10-03T02:26:47,"billing=2,cpu=2,mem=4G,node=1","billing=1,cpu=1,mem=4G,node=1",gcpu2-20,0
2111578,protease-cpu,COMPLETED,0:0,474,2026-10-03T02:30:31,2026-10-03T02:38:25,"billing=4,cpu=4,mem=8G,node=1","billing=4,cpu=4,mem=8G,node=1",gcpu2-07,0
2111579,protease-cpu,FAILED,1:0,46,2026-10-03T02:30:31,2026-10-03T02:31:17,"billing=4,cpu=4,mem=8G,node=1","billing=4,cpu=4,mem=8G,node=1",gcpu2-20,0
2111629,protease-gpu,COMPLETED,0:0,149,2026-10-03T02:42:28,2026-10-03T02:44:57,"billing=4,cpu=4,gres/gpu:nvidia_l40s=1,gres/gpu=1,mem=64G,node=1","billing=4,cpu=4,gres/gpu=1,mem=64G,node=1",ggpu1-10,1
2111630,protease-cpu,FAILED,1:0,140,2026-10-03T02:36:39,2026-10-03T02:38:59,"billing=4,cpu=4,mem=8G,node=1","billing=4,cpu=4,mem=8G,node=1",gcpu2-32,0
2111743,protease-gpu,COMPLETED,0:0,75,2026-10-03T02:52:09,2026-10-03T02:53:24,"billing=4,cpu=4,gres/gpu:nvidia_h100_nvl=1,gres/gpu=1,mem=64G,node=1","billing=4,cpu=4,gres/gpu=1,mem=64G,node=1",ggpu4-01,1
2111744,protease-cpu,COMPLETED,0:0,1,2026-10-03T02:48:12,2026-10-03T02:48:13,"billing=4,cpu=4,mem=16G,node=1","billing=4,cpu=4,mem=16G,node=1",gcpu2-08,0
2111796,protease-gpu,COMPLETED,0:0,651,2026-10-03T02:55:53,2026-10-03T03:06:44,"billing=4,cpu=4,gres/gpu:nvidia_h100_nvl=1,gres/gpu=1,mem=64G,node=1","billing=4,cpu=4,gres/gpu=1,mem=64G,node=1",ggpu4-01,1
2111797,protease-gpu,COMPLETED,0:0,447,2026-10-03T02:57:13,2026-10-03T03:04:40,"billing=4,cpu=4,gres/gpu:nvidia_l40s=1,gres/gpu=1,mem=64G,node=1","billing=4,cpu=4,gres/gpu=1,mem=64G,node=1",ggpu1-07,1
2111798,protease-cpu,COMPLETED,0:0,2,2026-10-03T02:55:03,2026-10-03T02:55:05,"billing=4,cpu=4,mem=16G,node=1","billing=4,cpu=4,mem=16G,node=1",gcpu2-10,0
2111799,protease-cpu,COMPLETED,0:0,2,2026-10-03T02:55:03,2026-10-03T02:55:05,"billing=4,cpu=4,mem=16G,node=1","billing=4,cpu=4,mem=16G,node=1",gcpu2-10,0
2111860,protease-cpu,COMPLETED,0:0,8,2026-10-03T03:04:40,2026-10-03T03:04:48,"billing=4,cpu=4,mem=16G,node=1","billing=4,cpu=4,mem=16G,node=1",gcpu2-08,0
2111861,protease-cpu,COMPLETED,0:0,8,2026-10-03T03:06:44,2026-10-03T03:06:52,"billing=4,cpu=4,mem=16G,node=1","billing=4,cpu=4,mem=16G,node=1",gcpu2-18,0
2111896,protease-gpu,COMPLETED,0:0,144,2026-10-03T03:07:33,2026-10-03T03:09:57,"billing=4,cpu=4,gres/gpu:nvidia_l40s=1,gres/gpu=1,mem=64G,node=1","billing=4,cpu=4,gres/gpu=1,mem=64G,node=1",ggpu1-12,1
2111935,protease-gpu,COMPLETED,0:0,471,2026-10-03T03:11:46,2026-10-03T03:19:37,"billing=4,cpu=4,gres/gpu:nvidia_l40s=1,gres/gpu=1,mem=64G,node=1","billing=4,cpu=4,gres/gpu=1,mem=64G,node=1",ggpu1-07,1
2111936,protease-cpu,COMPLETED,0:0,3,2026-10-03T03:10:58,2026-10-03T03:11:01,"billing=4,cpu=4,mem=16G,node=1","billing=4,cpu=4,mem=16G,node=1",gcpu2-08,0
2111937,protease-cpu,COMPLETED,0:0,14,2026-10-03T03:10:58,2026-10-03T03:11:12,"billing=4,cpu=4,mem=16G,node=1","billing=4,cpu=4,mem=16G,node=1",gcpu2-08,0
2111943,protease-gpu,COMPLETED,0:0,752,2026-10-03T03:12:04,2026-10-03T03:24:36,"billing=4,cpu=4,gres/gpu:nvidia_l40s=1,gres/gpu=1,mem=64G,node=1","billing=4,cpu=4,gres/gpu=1,mem=64G,node=1",ggpu1-12,1
2111944,protease-cpu,COMPLETED,0:0,8,2026-10-03T03:19:37,2026-10-03T03:19:45,"billing=4,cpu=4,mem=16G,node=1","billing=4,cpu=4,mem=16G,node=1",gcpu2-07,0
2111967,protease-cpu,COMPLETED,0:0,6,2026-10-03T03:24:37,2026-10-03T03:24:43,"billing=4,cpu=4,mem=16G,node=1","billing=4,cpu=4,mem=16G,node=1",gcpu2-10,0
2112063,protease-gpu,COMPLETED,0:0,122,2026-10-03T03:25:33,2026-10-03T03:27:35,"billing=4,cpu=4,gres/gpu:nvidia_l40s=1,gres/gpu=1,mem=64G,node=1","billing=4,cpu=4,gres/gpu=1,mem=64G,node=1",ggpu1-07,1
2112077,protease-gpu,COMPLETED,0:0,486,2026-10-03T03:27:10,2026-10-03T03:35:16,"billing=4,cpu=4,gres/gpu:nvidia_h100_nvl=1,gres/gpu=1,mem=64G,node=1","billing=4,cpu=4,gres/gpu=1,mem=64G,node=1",ggpu4-06,1
2112123,protease-gpu,COMPLETED,0:0,61,2026-10-03T03:32:14,2026-10-03T03:33:15,"billing=4,cpu=4,gres/gpu:nvidia_l40s=1,gres/gpu=1,mem=64G,node=1","billing=4,cpu=4,gres/gpu=1,mem=64G,node=1",ggpu1-12,1
2112207,protease-gpu,COMPLETED,0:0,38,2026-10-03T03:36:41,2026-10-03T03:37:19,"billing=4,cpu=4,gres/gpu:nvidia_h100_nvl=1,gres/gpu=1,mem=64G,node=1","billing=4,cpu=4,gres/gpu=1,mem=64G,node=1",ggpu4-06,1
2112208,protease-cpu,COMPLETED,0:0,40,2026-10-03T03:35:52,2026-10-03T03:36:32,"billing=4,cpu=4,mem=16G,node=1","billing=4,cpu=4,mem=16G,node=1",gcpu2-13,0
2112209,protease-cpu,COMPLETED,0:0,0,2026-10-03T03:35:52,2026-10-03T03:35:52,"billing=4,cpu=4,mem=16G,node=1","billing=4,cpu=4,mem=16G,node=1",gcpu2-13,0
2112227,protease-cpu,COMPLETED,0:0,43,2026-10-03T03:37:46,2026-10-03T03:38:29,"billing=4,cpu=4,mem=16G,node=1","billing=4,cpu=4,mem=16G,node=1",gcpu2-13,0
2112228,protease-cpu,COMPLETED,0:0,7,2026-10-03T03:37:46,2026-10-03T03:37:53,"billing=4,cpu=4,mem=16G,node=1","billing=4,cpu=4,mem=16G,node=1",gcpu2-13,0
2112229,protease-cpu,COMPLETED,0:0,13,2026-10-03T03:37:46,2026-10-03T03:37:59,"billing=4,cpu=4,mem=16G,node=1","billing=4,cpu=4,mem=16G,node=1",gcpu2-13,0
2112230,protease-cpu,COMPLETED,0:0,6,2026-10-03T03:37:46,2026-10-03T03:37:52,"billing=4,cpu=4,mem=16G,node=1","billing=4,cpu=4,mem=16G,node=1",gcpu2-13,0
2112286,protease-gpu,FAILED,1:0,480,2026-10-03T03:43:27,2026-10-03T03:51:27,"billing=4,cpu=4,gres/gpu:nvidia_h100_nvl=1,gres/gpu=1,mem=64G,node=1","billing=4,cpu=4,gres/gpu=1,mem=64G,node=1",ggpu4-06,1
2112287,protease-cpu,COMPLETED,0:0,576,2026-10-03T03:43:27,2026-10-03T03:53:03,"billing=4,cpu=4,mem=16G,node=1","billing=4,cpu=4,mem=16G,node=1",gcpu2-08,0
2112288,protease-cpu,COMPLETED,0:0,5,2026-10-03T03:43:27,2026-10-03T03:43:32,"billing=4,cpu=4,mem=16G,node=1","billing=4,cpu=4,mem=16G,node=1",gcpu2-08,0
2112289,protease-cpu,COMPLETED,0:0,7,2026-10-03T03:43:27,2026-10-03T03:43:34,"billing=4,cpu=4,mem=16G,node=1","billing=4,cpu=4,mem=16G,node=1",gcpu2-08,0
2112318,protease-cpu,CANCELLED by 1631908276,0:0,0,None,2026-10-03T04:01:58,,"billing=4,cpu=4,mem=16G,node=1",None assigned,0
2112319,protease-cpu,CANCELLED by 1631908276,0:0,0,None,2026-10-03T04:01:58,,"billing=4,cpu=4,mem=16G,node=1",None assigned,0
2112378,protease-cpu,COMPLETED,0:0,17,2026-10-03T03:54:41,2026-10-03T03:54:58,"billing=4,cpu=4,mem=16G,node=1","billing=4,cpu=4,mem=16G,node=1",gcpu2-08,0
2112379,protease-cpu,CANCELLED by 1631908276,0:0,0,None,2026-10-03T04:01:58,,"billing=4,cpu=4,mem=16G,node=1",None assigned,0
2112450,protease-gpu,COMPLETED,0:0,67,2026-10-03T04:02:08,2026-10-03T04:03:15,"billing=4,cpu=4,gres/gpu:nvidia_h100_nvl=1,gres/gpu=1,mem=64G,node=1","billing=4,cpu=4,gres/gpu=1,mem=64G,node=1",ggpu4-06,1
2112465,protease-gpu,COMPLETED,0:0,555,2026-10-03T04:04:18,2026-10-03T04:13:33,"billing=4,cpu=4,gres/gpu:nvidia_l40s=1,gres/gpu=1,mem=64G,node=1","billing=4,cpu=4,gres/gpu=1,mem=64G,node=1",ggpu1-07,1
2112489,protease-cpu,COMPLETED,0:0,120,2026-10-03T04:13:33,2026-10-03T04:15:33,"billing=4,cpu=4,mem=16G,node=1","billing=4,cpu=4,mem=16G,node=1",gcpu2-08,0
2112490,protease-cpu,COMPLETED,0:0,167,2026-10-03T04:13:33,2026-10-03T04:16:20,"billing=4,cpu=4,mem=16G,node=1","billing=4,cpu=4,mem=16G,node=1",gcpu2-08,0
2112491,protease-cpu,COMPLETED,0:0,103,2026-10-03T04:13:33,2026-10-03T04:15:16,"billing=4,cpu=4,mem=16G,node=1","billing=4,cpu=4,mem=16G,node=1",gcpu2-18,0
2112492,protease-cpu,COMPLETED,0:0,102,2026-10-03T04:13:33,2026-10-03T04:15:15,"billing=4,cpu=4,mem=16G,node=1","billing=4,cpu=4,mem=16G,node=1",gcpu2-18,0
2112493,protease-cpu,COMPLETED,0:0,8,2026-10-03T04:13:33,2026-10-03T04:13:41,"billing=4,cpu=4,mem=16G,node=1","billing=4,cpu=4,mem=16G,node=1",gcpu2-18,0
2112632,protease-cpu,COMPLETED,0:0,11,2026-10-03T04:17:04,2026-10-03T04:17:15,"billing=4,cpu=4,mem=16G,node=1","billing=4,cpu=4,mem=16G,node=1",gcpu2-10,0
2112686,protease-cpu,COMPLETED,0:0,21,2026-10-03T04:18:43,2026-10-03T04:19:04,"billing=4,cpu=4,mem=16G,node=1","billing=4,cpu=4,mem=16G,node=1",gcpu2-18,0
2112845,protease-cpu,COMPLETED,0:0,9,2026-10-03T04:38:38,2026-10-03T04:38:47,"billing=4,cpu=4,mem=16G,node=1","billing=4,cpu=4,mem=16G,node=1",gcpu2-13,0
2112846,protease-cpu,COMPLETED,0:0,7,2026-10-03T04:38:39,2026-10-03T04:38:46,"billing=4,cpu=4,mem=16G,node=1","billing=4,cpu=4,mem=16G,node=1",gcpu2-13,0
