id,selected,length,esm_raw_interdomain_atoms_below2A,esm_transferred_occluded_atoms_below2A,boltz_raw_interdomain_atoms_below2A,boltz_transferred_occluded_atoms_below2A,decision
CDAD_WT_GS1,False,737,3,12,,,Not advanced: short/helical spacer crowding in initial screen
CDAD_WT_GS3,False,747,5,12,3,86,Not advanced: short/helical spacer crowding in initial screen
CDAD_WT_GS5,False,757,0,0,2,36,Not selected: no Boltz-derived feasible point in the fixed three-angle grid
CDAD_WT_H2,False,742,4,15,,,Not advanced: short/helical spacer crowding in initial screen
CDAD_WT_H4,False,752,2,12,,,Not advanced: short/helical spacer crowding in initial screen
CDAD_WT_H6,False,762,3,13,,,Not advanced: short/helical spacer crowding in initial screen
CDAD_E180Q_GS1,False,737,3,12,,,Not advanced: short/helical spacer crowding in initial screen
CDAD_E180Q_GS3,False,747,5,12,,,Not advanced: short/helical spacer crowding in initial screen
CDAD_E180Q_GS5,False,757,1,0,5,52,Not selected: no Boltz-derived feasible point in the fixed three-angle grid
CDAD_E180Q_H2,False,742,4,14,,,Not advanced: short/helical spacer crowding in initial screen
CDAD_E180Q_H4,False,752,2,11,,,Not advanced: short/helical spacer crowding in initial screen
CDAD_E180Q_H6,False,762,4,13,,,Not advanced: short/helical spacer crowding in initial screen
CDAD_D187N_GS1,False,737,3,11,,,Not advanced: short/helical spacer crowding in initial screen
CDAD_D187N_GS3,False,747,5,12,,,Not advanced: short/helical spacer crowding in initial screen
CDAD_D187N_GS5,False,757,1,0,1,38,Not selected: no Boltz-derived feasible point in the fixed three-angle grid
CDAD_D187N_H2,False,742,4,16,,,Not advanced: short/helical spacer crowding in initial screen
CDAD_D187N_H4,False,752,2,12,,,Not advanced: short/helical spacer crowding in initial screen
CDAD_D187N_H6,False,762,3,13,,,Not advanced: short/helical spacer crowding in initial screen
CDAD_Y10F_GS1,False,737,3,12,,,Not advanced: short/helical spacer crowding in initial screen
CDAD_Y10F_GS3,False,747,5,12,,,Not advanced: short/helical spacer crowding in initial screen
CDAD_Y10F_GS5,True,757,0,0,1,39,Experimental panel
CDAD_Y10F_H2,False,742,4,14,,,Not advanced: short/helical spacer crowding in initial screen
CDAD_Y10F_H4,False,752,2,12,,,Not advanced: short/helical spacer crowding in initial screen
CDAD_Y10F_H6,False,762,4,13,,,Not advanced: short/helical spacer crowding in initial screen
CDAD_WT_GS7,True,767,0,0,1,32,Experimental panel
CDAD_WT_GS9,True,777,0,0,3,74,Experimental panel
CDAD_E180Q_GS7,True,767,0,0,0,20,Experimental panel
CDAD_E180Q_GS9,True,777,0,0,3,76,Experimental panel
CDAD_D187N_GS7,True,767,1,0,0,31,Experimental panel
CDAD_D187N_GS9,True,777,0,0,1,75,Experimental panel
CDAD_Y10F_GS7,True,767,0,0,1,7,Experimental panel
CDAD_Y10F_GS9,True,777,0,0,4,76,Experimental panel
CDAD_D187N_GS11,True,787,0,0,2,34,Experimental panel
