id,catd_variant,spacer,length,monoisotopic_mass_Da_4SS,epsilon280_M_inverse_cm_inverse_4SS,esm_catd_plddt,esm_adp_plddt,boltz_catd_plddt,boltz_adp_plddt,refined_catd_rmsd_A,refined_adp_rmsd_A,esm_feasible_grid_points_of1728,boltz_feasible_grid_points_of1728,sequence_sha256
CDAD_WT_GS7,WT,GS7,767,81266.87267274217,90690,89.44378698224853,92.17251461988305,83.68612426035503,88.11356725146199,0.7805374523450658,0.9036772132205871,628,145,5d07aa2abcea230ab628d7b89f998f5770b9d1da3f5ebf1811824e1004c78859
CDAD_WT_GS9,WT,GS9,777,81897.10843274216,90690,89.3224852071006,92.11695906432749,82.56713017751478,88.43111111111112,0.7736361011957028,0.8921537244834883,585,260,f2892efd97d559f55b06f89cd0eed48fca2a3214d278784d77c66b36e4237c55
CDAD_E180Q_GS7,E180Q,GS7,767,81265.88865674217,90690,89.63609467455622,92.1842105263158,83.67559171597634,88.1745029239766,0.7706821392495291,0.9080367897718017,601,249,8923a8aad94e29b6646d1e81f807d3d07628186052f57c3976d1844701641eaf
CDAD_E180Q_GS9,E180Q,GS9,777,81896.12441674215,90690,89.5828402366864,92.12573099415205,82.44547337278107,88.55883040935672,0.7759977873643773,0.8899492596607511,775,309,535591d9fb20039579ca83ebd6a9f7504b4e1dd26102253053001fa74c548292
CDAD_D187N_GS7,D187N,GS7,767,81265.88865674217,90690,89.55917159763314,92.17836257309942,83.63431952662721,88.10853801169591,0.7439006669230416,0.9062537615122844,576,8,6d6024fcb04b3f5902f99937a6c3c8e82eb4c6d1f9c5c998b479b533f434e579
CDAD_D187N_GS9,D187N,GS9,777,81896.12441674215,90690,89.42307692307692,92.12865497076024,82.79627218934912,88.52038011695907,0.7478153121552322,0.896322350235036,781,165,9afe5df578e927c84e3897c0eb6185ec4d3d4364042eb8a15451c55fd392453a
CDAD_D187N_GS11,D187N,GS11,787,82526.36017674216,90690,89.25147928994083,91.86842105263158,82.54369822485208,87.56157894736843,0.7426372956805707,0.8929908372270795,782,30,87cd5e41f91cf7533e1696cd6bc7c32738823e74f86b7992fc52d5a47aceae5e
CDAD_Y10F_GS5,Y10F,GS5,757,80620.64199874217,89200,89.20710059171597,92.20760233918129,83.16872781065088,88.4419298245614,0.7826256456973227,0.8968209800370196,612,31,3faabd70b5d5dfdf737277f28656e94435158dd32b4d44beb2142bd38720cc82
CDAD_Y10F_GS7,Y10F,GS7,767,81250.87775874216,89200,89.19526627218934,92.19883040935673,84.45286982248521,86.34020467836258,0.7784116361098118,0.9056157375128543,630,146,ef688475d941bf300037ac96338d45feab15bfd3ea2472ae87846879f69e2585
CDAD_Y10F_GS9,Y10F,GS9,777,81881.11351874218,89200,89.06213017751479,92.12573099415205,83.85742603550295,88.61868421052631,0.7719865790382497,0.891960089753271,628,1,d48b5da395a45d1edd3e650887487fadc9d5ccb8d384005a140ec1d0548ea050
